review_text,sentiment
This product is absolutely amazing! I love it so much.,1
Great quality and fast shipping. Would definitely buy again!,1
Outstanding performance. Best purchase I've made this year!,1
"Excellent product, works perfectly as described. Very happy!",1
Love this item! The quality is top-notch and worth every penny.,1
Fantastic experience from start to finish. Highly recommended!,1
Wonderful product. Does exactly what it says. Very satisfied!,1
Good value for money. Quality exceeded my expectations.,1
Perfect! Arrived on time and works great. 5 stars!,1
Really impressed with the build quality. Will buy from here again.,1
Super happy with this purchase! The design is sleek and modern.,1
Works like a charm! No issues at all. Delivery was fast.,1
Terrible product! Broke after one day. Complete waste of money.,0
Very disappointed. The item does not match the description at all.,0
Poor quality. Stopped working after a week. Would not recommend.,0
Awful experience. Customer service was unhelpful and rude.,0
Do NOT buy this! It's cheap junk that fell apart immediately.,0
Completely useless product. Nothing like what was advertised.,0
Bad product. Cheap materials and terrible build quality.,0
Waste of money. Returned immediately. Very unhappy customer.,0
Horrible! Defective item arrived. Packaging was damaged too.,0
Garbage product. Doesn't work at all. Requesting a refund now.,0
Not worth the price. Quality is very poor for what you pay.,0
Extremely disappointed. Broke the first time I used it. 1 star!,0
